期別	收盤	漲跌	漲跌(%)	成交量(億元)	融資增減	融資餘額	融卷增減	融卷餘額	外資買賣超(億元)	投信買賣超(億元)	自營商買賣超(億元)	三大法人合計
'26/07/27	378.09	0.46	0.12	"1,636.54"	-18.1	"1,883.47"	"-6,467"	"29,972"	-11.41	4.833	-7.423	-14
'26/07/24	377.63	-14.48	-3.69	"1,857.54"	-25.9	"1,901.62"	"6,502"	"36,439"	-62.53	10.88	-1.916	-53.56
'26/07/23	392.11	-3.07	-0.78	"1,849.03"	0.5	"1,927.54"	-633	"29,937"	-52.65	5.414	-2.7	-49.93
'26/07/22	395.18	13.22	3.46	"1,860.55"	24.1	"1,927.04"	713	"30,570"	-62.58	23	4.466	-35.11
'26/07/21	381.96	13.43	3.64	"1,593.92"	21	"1,902.90"	"-1,698"	"29,857"	-98.7	-11.32	19.02	-91
'26/07/20	368.53	-9.91	-2.62	"1,862.87"	-80.1	"1,881.92"	"-2,669"	"31,555"	78.48	-8.398	-22.26	47.82
'26/07/17	378.44	-28.57	-7.02	"2,027.43"	-140	"1,962"	"2,190"	"34,224"	151.8	15.92	-38.09	129.6
'26/07/16	407.01	-9.4	-2.26	"2,053.30"	-2.85	"2,102.17"	"-2,053"	"32,034"	42.13	-39.51	-3.155	-0.536
'26/07/15	416.41	9	2.21	"2,043.35"	41.1	"2,105.22"	570	"34,088"	-65.45	17.99	-18.96	-66.42
'26/07/14	407.41	-12.49	-2.97	"2,899.47"	-61.1	"2,064.17"	"-3,554"	"33,518"	137.8	-8.703	-35.92	93.14
'26/07/13	419.9	-5.09	-1.2	"2,128.49"	1.37	"2,125.27"	155	"37,072"	-1.561	-18.46	-7.399	-27.42
'26/07/09	424.99	3.6	0.85	"2,362.80"	8.77	"2,123.90"	255	"36,917"	-21.22	17.47	4.553	0.802
'26/07/08	421.39	1.92	0.46	"2,220.45"	11.9	"2,115.13"	842	"36,662"	-42.28	0.341	-1.52	-43.46
'26/07/07	419.47	-20.33	-4.62	"2,764.72"	-42.5	"2,103.19"	"-1,012"	"35,820"	-45.52	-10.17	-47.63	-103.3
'26/07/06	439.8	-5.58	-1.25	"3,051.81"	16.8	"2,145.64"	-767	"36,832"	-110.8	-4.51	-27.44	-142.8
'26/07/03	445.38	5.87	1.34	"2,647.42"	25.5	"2,128.89"	"3,271"	"37,599"	25.53	-8.088	8.949	26.39
'26/07/02	439.51	8.28	1.92	"2,425.05"	19.2	"2,103.38"	391	"34,328"	36.94	-15.8	8.697	29.83
'26/07/01	431.23	4.26	1	"2,482.19"	13.3	"2,084.16"	481	"33,937"	15.9	-45.63	5.041	-24.69
'26/06/30	426.97	14.04	3.4	"1,885.42"	34.9	"2,070.84"	515	"33,456"	-32.8	-13.9	21.82	-24.88
'26/06/29	412.93	-2.33	-0.56	"1,759.22"	-12.6	"2,035.96"	"-1,065"	"32,941"	85.91	-37.95	2.096	50.06
'26/06/26	415.26	-24.58	-5.59	"2,618.36"	-62.6	"2,048.53"	-298	"34,006"	-71.87	-18.46	-38.38	-128.7
'26/06/25	439.84	-2.25	-0.51	"2,408.41"	10.1	"2,111.15"	"-1,366"	"34,304"	-119.2	2.731	-13.6	-130.1
'26/06/24	442.09	1.28	0.29	"2,412.62"	17.7	"2,101.06"	"-2,707"	"35,670"	-181.5	7.891	-3.641	-177.2
'26/06/23	440.81	-12.69	-2.8	"3,176.45"	-1.16	"2,083.34"	"-2,252"	"38,377"	-78.03	15.36	-1.867	-64.54
'26/06/22	453.5	6.44	1.44	"2,809.44"	29.8	"2,084.50"	-353	"40,629"	-12.08	16.79	7.951	12.67
'26/06/18	447.06	13.72	3.17	"2,684.63"	17.1	"2,054.69"	809	"40,982"	147.5	23.12	34	204.6
'26/06/17	433.34	3.08	0.72	"2,436.14"	33.3	"2,036.28"	"3,196"	"40,117"	-53.47	19.33	-7.574	-41.71
'26/06/16	430.26	0.89	0.21	"2,635.79"	11.1	"2,003"	"1,055"	"36,921"	3.333	4.192	-2.463	5.061
'26/06/15	429.37	9.65	2.3	"2,251.51"	38.3	"1,991.91"	"1,746"	"35,866"	27.62	8.819	7.036	43.48
'26/06/12	419.72	12.63	3.1	"2,291.51"	25.9	"1,953.60"	-334	"34,120"	-11.05	38.63	2.868	30.45
'26/06/11	407.09	1.18	0.29	"2,792.70"	-21.1	"1,927.71"	"-2,853"	"34,454"	123.8	-35.13	-21.38	67.27
'26/06/10	405.91	-18.8	-4.43	"3,095.41"	-79.1	"1,948.83"	775	"37,307"	29.28	-15.14	-48.48	-34.34
'26/06/09	424.71	12.14	2.94	"2,596.22"	17	"2,027.88"	"-2,153"	"36,532"	-121.1	4.515	1.115	-115.5
'26/06/08	412.57	-18.5	-4.29	"2,218.07"	-92	"2,010.89"	"2,257"	"38,685"	112.5	-29.74	-32.49	50.26
'26/06/05	431.07	-9.03	-2.05	"2,998.33"	-10.1	"2,102.86"	"-1,391"	"36,428"	-20.71	-58.04	-37.84	-116.6
'26/06/04	440.1	-6.72	-1.5	"2,782.94"	-14.5	"2,113"	810	"37,819"	-51.99	-2.732	-32.66	-87.37
'26/06/03	446.82	6.18	1.4	"3,256.52"	41.5	"2,127.53"	669	"37,010"	-115.2	-16.41	9.362	-122.3
'26/06/02	440.64	-5.38	-1.21	"3,784.03"	-2.28	"2,086.01"	"-1,185"	"36,341"	47.46	-65.84	-17.03	-35.42
'26/06/01	446.02	2.38	0.54	"3,393.81"	19.8	"2,088.29"	-838	"37,526"	-26.2	-44.63	7.135	-63.7
'26/05/29	443.64	11.16	2.58	"3,803.54"	60.9	"2,068.53"	-985	"38,364"	-167.3	13.36	6.284	-147.6
'26/05/28	432.48	-7.71	-1.75	"3,820.56"	-19.6	"2,007.67"	"-3,706"	"39,349"	14.63	29.72	-22.66	21.69
'26/05/27	440.19	0.89	0.2	"3,911.80"	-13.1	"2,027.28"	"2,019"	"43,055"	-57.87	29.14	-2.402	-31.14
'26/05/26	439.3	4.31	0.99	"2,975.99"	23.7	"2,040.36"	"1,208"	"41,036"	41.4	21.99	3.588	66.98
'26/05/25	434.99	11.74	2.77	"2,988.90"	27.3	"2,016.68"	-909	"39,828"	39.94	-5.613	21.68	56
'26/05/22	423.25	13.45	3.28	"2,605.39"	19.1	"1,989.41"	"1,620"	"40,737"	20.06	-5.526	26.45	40.99
'26/05/21	409.8	13.38	3.38	"2,289.15"	33.7	"1,970.28"	849	"39,117"	-10.42	-23.66	29.03	-5.041
'26/05/20	396.42	-1.76	-0.44	"2,390.11"	-11.2	"1,936.59"	"1,381"	"38,268"	35.19	-8.038	-35.42	-8.266
'26/05/19	398.18	-11.45	-2.8	"2,524.72"	-17.3	"1,947.74"	-620	"36,887"	-134.4	8.825	-21.02	-146.6
'26/05/18	409.63	-1.55	-0.38	"2,356.21"	14.7	"1,965.02"	"2,804"	"37,507"	255.5	-8.242	-3.085	244.1
'26/05/15	411.18	-15.39	-3.61	"3,186.61"	-42.2	"1,950.28"	"2,401"	"34,703"	-2.899	-2.073	-41.59	-46.56
'26/05/14	426.57	6.03	1.43	"3,057.40"	17	"1,992.50"	749	"32,302"	-24.2	9.507	-0.242	-14.93
'26/05/13	420.54	-5.17	-1.21	"2,821.87"	-9.49	"1,975.55"	"-1,306"	"31,553"	20.09	-18.7	-21.06	-19.67
'26/05/12	425.71	3.7	0.88	"3,602.49"	-0.68	"1,985.03"	-719	"32,859"	-57.59	46.85	3.078	-7.661
'26/05/11	422.01	12.57	3.07	"3,036.59"	30.9	"1,985.71"	"1,075"	"33,578"	90.67	-5.687	17.98	103
'26/05/08	409.44	-6.97	-1.67	"3,847.51"	-30.4	"1,954.81"	-474	"32,503"	26.46	1.035	-7.045	20.45
'26/05/07	416.41	6.12	1.49	"3,544.32"	47.2	"1,985.22"	"2,626"	"32,977"	-72.83	32.51	12.48	-27.83
'26/05/06	410.29	2.85	0.7	"4,274.49"	20.1	"1,937.97"	-40	"30,351"	-15.5	79.56	-12.88	51.19
'26/05/05	407.44	9.19	2.31	"3,031.57"	69.5	"1,917.87"	"1,542"	"30,391"	-17.57	2.333	12.42	-2.816
'26/05/04	398.25	13.67	3.55	"2,601.26"	44.1	"1,848.50"	"1,146"	"28,849"	-36.91	32.04	23.03	18.16
'26/04/30	384.58	1.83	0.48	"2,714.50"	17.4	"1,804.38"	761	"27,703"	-91	15.79	-3.585	-78.8
'26/04/29	382.75	0.69	0.18	"2,344.04"	26	"1,787.01"	"1,163"	"26,942"	-36.93	7.633	1.789	-27.5
'26/04/28	382.06	5.01	1.33	"2,657.08"	62.3	"1,761.02"	236	"25,778"	-92.94	-52.67	26.28	-119.3
'26/04/27	377.05	-4.49	-1.18	"2,769.39"	22.7	"1,698.75"	-351	"25,542"	91.89	-45.34	5.411	51.96
'26/04/24	381.54	0.22	0.06	"3,256.95"	27.1	"1,676.09"	688	"25,887"	33.33	-21.89	-12.17	-0.729
'26/04/23	381.32	-13.76	-3.48	"4,148.54"	-35.6	"1,649.05"	"-2,099"	"25,209"	37.35	-48.93	-38.62	-50.19
'26/04/22	395.08	4.51	1.15	"3,084.95"	24.1	"1,684.61"	329	"27,308"	0.653	-18.58	3.201	-14.73
'26/04/21	390.57	7.07	1.84	"3,349.58"	20.2	"1,660.52"	-640	"26,979"	-31.03	57.58	-4.198	22.36
'26/04/20	383.5	11.16	3	"3,044.85"	20.1	"1,640.28"	"1,538"	"27,619"	10.32	50.65	8.879	69.85
'26/04/17	372.34	6.38	1.74	"2,630.37"	35	"1,620.18"	"1,217"	"26,081"	56.46	-13.14	6.114	49.43
'26/04/16	365.96	6.1	1.7	"2,978.29"	29.7	"1,585.14"	"3,261"	"24,864"	80.36	16.68	10.22	107.3
'26/04/15	359.86	3.86	1.08	"2,777.95"	14.4	"1,555.45"	568	"21,603"	28.89	-9.42	-16.8	2.668
'26/04/14	356	3.77	1.07	"2,663.20"	9.22	"1,540.95"	-688	"21,036"	-15.82	7.298	0.05	-8.473
'26/04/13	352.23	2.73	0.78	"2,378.49"	16.4	"1,531.73"	"1,290"	"21,724"	-74.47	-2.191	7.134	-69.53
'26/04/10	349.5	6.93	2.02	"2,597.60"	25.7	"1,515.36"	"-1,968"	"20,434"	-17.67	-2.265	9.3	-10.64
'26/04/09	342.57	1.37	0.4	"2,503.24"	21.8	"1,489.71"	373	"22,402"	7.746	20.88	-1.754	26.87
'26/04/08	341.2	15.59	4.79	"2,096.08"	31.1	"1,466.40"	-92	"22,395"	61.25	26.08	16.55	103.9
'26/04/07	325.61	7.71	2.43	"1,677.15"	40.7	"1,435.26"	"-1,160"	"22,487"	-51.32	33.14	12.16	-6.026
'26/04/02	317.9	-3.29	-1.02	"1,798.54"	-8.2	"1,394.59"	"-2,655"	"23,647"	-35.9	36.4	0.344	0.843
'26/04/01	321.19	13.46	4.37	"1,479.19"	24.4	"1,402.79"	"-1,207"	"26,302"	-12.09	45.87	7.806	41.58
'26/03/31	307.73	-12.67	-3.95	"2,009.93"	-46.5	"1,378.42"	-439	"27,509"	-30.51	22.62	-38.25	-46.14
'26/03/30	320.4	-4.6	-1.42	"1,714.37"	-3.89	"1,424.95"	"-1,857"	"27,948"	-54.45	14.01	-6.566	-47.01
'26/03/27	325	2.2	0.68	"1,855.51"	6.57	"1,428.84"	-504	"29,805"	16.31	-36.36	9.982	-10.07
'26/03/26	322.8	-2.07	-0.64	"2,347.43"	-8.26	"1,422.27"	716	"30,309"	50.75	16.93	-2.625	65.06
'26/03/25	324.87	12.13	3.88	"1,547.80"	20.3	"1,430.53"	767	"29,593"	106.9	37.37	18.25	162.6
'26/03/24	312.74	-4.28	-1.35	"2,110.10"	-11.3	"1,410.25"	595	"28,826"	22.07	9.186	-18.51	12.75
'26/03/23	317.02	-11.38	-3.47	"1,808.86"	-20	"1,421.58"	-618	"28,231"	-45.52	12.77	-16.19	-48.94
'26/03/20	328.4	-1.39	-0.42	"2,543.31"	2.89	"1,441.57"	"-5,716"	"28,849"	-37.61	6.74	-13.36	-44.23
'26/03/19	329.79	0.39	0.12	"2,095.87"	12.4	"1,438.71"	"-4,431"	"34,565"	-17.63	12.23	14.66	9.251
'26/03/18	329.4	8.37	2.61	"1,853.68"	33.8	"1,426.31"	"-5,460"	"38,996"	21.65	18.78	12.75	53.17
'26/03/17	321.03	3.84	1.21	"1,906.99"	13.8	"1,392.48"	-424	"44,456"	-119.4	17.82	2.052	-99.56
'26/03/16	317.19	4.29	1.37	"1,550.71"	23.4	"1,378.68"	"1,611"	"44,880"	-26.24	9.716	8.354	-8.165
'26/03/13	312.9	1.31	0.42	"1,418.39"	2.53	"1,355.31"	"-1,696"	"43,269"	-0.462	-4.203	4.634	-0.03
'26/03/12	311.59	0.09	0.03	"1,640.11"	-1.89	"1,352.78"	-773	"44,965"	-23.03	-9.909	1.689	-31.25
'26/03/11	311.5	13.97	4.7	"1,510.68"	32.6	"1,354.67"	"2,484"	"45,738"	31.47	0.851	17.96	50.29
'26/03/10	297.53	8.57	2.97	"1,456.16"	6.35	"1,322.07"	"-1,361"	"43,254"	45.87	9.607	-0.733	54.74
'26/03/09	288.96	-17.53	-5.72	"1,229.79"	-77.4	"1,315.72"	"-4,310"	"44,615"	1.909	-3.547	-34.48	-36.12
'26/03/06	306.49	2.28	0.75	"1,339.21"	9.24	"1,393.09"	"-2,319"	"48,925"	14.97	-14.95	10.94	10.95
'26/03/05	304.21	10.41	3.54	"1,593.79"	18.8	"1,383.86"	"1,923"	"51,244"	12.06	-17.1	-0.514	-5.555
'26/03/04	293.8	-15.01	-4.86	"1,751.91"	-13.7	"1,365.01"	"-2,285"	"49,321"	-7.039	-22.08	-30.48	-59.6
'26/03/03	308.81	-7.2	-2.28	"2,085.05"	-10.4	"1,378.70"	"-1,239"	"51,606"	-31.98	-8.275	-38.82	-79.08
'26/03/02	316.01	-0.72	-0.23	"1,746.78"	10.6	"1,389.11"	-658	"52,845"	29.04	-31.37	-4.084	-6.414
'26/02/26	316.73	3.49	1.11	"2,143.70"	30	"1,378.48"	"-1,810"	"53,503"	15.73	-42	5.328	-20.94
'26/02/25	313.24	1.8	0.58	"2,075.67"	12	"1,348.46"	"-2,877"	"55,313"	-33.85	-23.02	-1.666	-58.54
'26/02/24	311.44	7.61	2.5	"1,708.53"	14.3	"1,336.44"	"4,983"	"58,190"	207.9	-10.36	26.42	224
'26/02/23	303.83	6.12	2.06	"1,581.34"	11.3	"1,322.18"	"5,634"	"53,207"	114.5	-11.6	-14.33	88.56
'26/02/11	297.71	1.19	0.4	"1,217.58"	-9.04	"1,313.28"	"1,058"	"47,637"	35.28	-16.09	-9.251	9.93
'26/02/10	296.52	-0.1	-0.03	"1,454.70"	-6.62	"1,322.33"	"-1,330"	"46,579"	22.19	-26.23	-14.84	-18.88
'26/02/09	296.62	5.9	2.03	"1,456.24"	-2.45	"1,328.95"	-323	"47,909"	60.91	4.521	6.612	72.04
'26/02/06	290.72	-5.64	-1.9	"1,620.70"	-9.7	"1,331.40"	"-4,836"	"48,232"	-84.86	1.811	-18.03	-101.1
'26/02/05	296.36	-5.16	-1.71	"1,562"	-9.94	"1,341.10"	"-1,783"	"53,068"	-10.19	4.733	-5.831	-11.29
'26/02/04	301.52	3.26	1.09	"1,432.31"	13.7	"1,351.04"	"1,828"	"54,851"	22.82	-7.747	8.086	23.16
'26/02/03	298.26	3.94	1.34	"1,822.95"	4.7	"1,337.34"	-458	"53,023"	52.22	-8.238	-11.57	32.41
'26/02/02	294.32	-6.46	-2.15	"1,480.14"	-17.9	"1,332.64"	"-2,670"	"53,481"	-4.452	-8.888	-15.43	-28.77
'26/01/30	300.78	-4.7	-1.54	"1,758.31"	2.83	"1,350.54"	"-4,627"	"56,151"	-23.49	-2.307	-4.554	-30.35
'26/01/29	305.48	-3.8	-1.23	"2,229.26"	-11	"1,347.71"	-504	"60,778"	-40.44	17.78	-27.23	-49.89
'26/01/28	309.28	4.02	1.32	"2,236.89"	24.2	"1,358.66"	89	"61,282"	22.7	32.56	2.951	58.21
'26/01/27	305.26	2.61	0.86	"1,884.28"	11.6	"1,334.47"	-697	"61,193"	2.842	7.386	0.612	10.84
'26/01/26	302.65	3.39	1.13	"1,549.33"	10.4	"1,322.92"	"1,226"	"61,890"	18.98	-6.308	1.754	14.43
'26/01/23	299.26	1.44	0.48	"1,749.21"	11.1	"1,312.54"	"-4,071"	"60,664"	47.43	3.56	-0.6	50.39
'26/01/22	297.82	4.66	1.59	"2,026.14"	9.57	"1,301.40"	"-1,940"	"64,735"	41.48	28.89	8.798	79.17
'26/01/21	293.16	-4.45	-1.5	"2,265.29"	-10.3	"1,291.79"	"-3,687"	"66,661"	-6.305	32.38	-35.53	-9.459
'26/01/20	297.61	2.5	0.85	"1,854.79"	12.5	"1,302.04"	"-1,022"	"70,348"	41.73	6.63	3.092	51.45
'26/01/19	295.11	2.33	0.8	"1,533.85"	-2.59	"1,289.49"	-637	"71,370"	-7.925	4.383	-0.226	-3.768
'26/01/16	292.78	1.62	0.56	"1,679.04"	9.74	"1,292.08"	"1,223"	"72,007"	-58	-2.979	-3.088	-64.07
'26/01/15	291.16	0.56	0.19	"1,510.97"	4.24	"1,282.35"	"1,900"	"70,784"	-16.09	-8.762	-7.492	-32.35
'26/01/14	290.6	5.24	1.84	"1,588.46"	18	"1,278.11"	"3,452"	"68,884"	42.88	13.44	7.197	63.52
'26/01/13	285.36	-1.21	-0.42	"1,673.77"	0.57	"1,260.16"	"-1,386"	"65,432"	-2.188	-1.111	-13.64	-16.94
'26/01/12	286.57	6.72	2.4	"1,547.56"	25.4	"1,259.59"	"-1,029"	"66,818"	-24.99	-7.79	10.68	-22.1
'26/01/09	279.85	-0.21	-0.07	"1,493.27"	10.5	"1,234.20"	-419	"67,847"	-21.89	-9.971	-2.664	-34.52
'26/01/08	280.06	-1.38	-0.49	"1,551.80"	8.31	"1,223.66"	-577	"68,266"	8.204	10.59	-9.978	8.817
'26/01/07	281.44	2.47	0.89	"1,499.20"	-0.26	"1,215.35"	"-2,172"	"68,843"	-6.391	13.86	13.67	21.14
'26/01/06	278.97	3.31	1.2	"1,572.27"	12.8	"1,215.61"	561	"71,015"	-16.21	12.89	19.18	15.86
'26/01/05	275.66	-2.37	-0.85	"1,691.79"	12.4	"1,202.76"	"-5,958"	"70,454"	-52.48	11.73	8.405	-32.34
'26/01/02	278.03	1.79	0.65	"1,618.77"	15.1	"1,190.37"	214	"76,412"	-20.51	26.9	24.61	31
												
												
												
												
												
												
												
												
												
												
												
												
												
												
												
												
												
												
												
												
												
												
												
												
												
												
												
												
												
												
												
												
												
												
												
												
												
												
												
												
												
												
												
												
												
												
												
												
												
												
												
												
												
												
												
												
												
												
												
												
												
												
												
												
												
												
												
												
												
												
												
												
												
												
												
												
												
												
												
												
												
												
												
												
												
												
												
												
												
												
												
												
												
												
												
												
												
												
												
												
												
												
												
												
												
												
												
